Key,English,ChineseSimplified,ChineseTraditional,Spanish,French,Russian,Portuguese,Japanese,Korean
传送到赛博射击战场,Teleport to Cyber Field,传送到赛博射击战场,,,,,,サイバーシューターの戦場へテレポート,사이버슈터 전장으로 순간이동
广告奖励,Advertising Rewards,广告奖励,,,,,,広告報酬,광고 보상
看广告可以使用这个厉害的武器哟~,Watch ads to use this powerful weapon!,看广告可以使用这个厉害的武器哟~,,,,,,広告を見ればこの強力な武器を使うことができますよ~,광고를 보시면 이 강력한 무기를 사용하실 수 있습니다~
取消,Cancel,取消,,,,,,キャンセル,취소
免费获取,FREE,免费获取,,,,,,無料で入手,무료로 받으세요
激光枪-黄,Laser Gun - Yellow,激光枪-黄,,,,,,レーザー銃 - イエロー,레이저 건 - 노란색
99,99,99,,,,,,99,99
9999999,9999999,9999999,,,,,,9999999,9999999
使用,Use,使用,,,,,,使用,사용
100/100,100/100,100/100,,,,,,100/100,100/100
激光枪-黄激光枪-黄,Laser Gun - Yellow Laser Gun - Yellow,激光枪-黄激光枪-黄,,,,,,レーザーガン - イエロー レーザーガン - イエロー,레이저 건 - 노란색 레이저 건 - 노란색
未获得,Not Obtained,未获得,,,,,,未取得,획득하지 못함
永久,Permanent,永久,,,,,,永久,영구적인
购买,Purchase,购买,,,,,,買う,구입하다
射速：0.1,Rate of Fire: 0.1,射速：0.1,,,,,,発射速度：0.1,발사 속도: 0.1
9999999999,9999999999,9999999999,,,,,,9999999999,9999999999
9999,9999,9999,,,,,,9999,9999
免费领取,Free to claim,免费领取,,,,,,無料で入手,무료로 받으세요
活动期间每天在线30分钟连续3天即可领取,Claimable for 30 minutes online every day for 3 consecutive days during the event.,活动期间每天在线30分钟连续3天即可领取,,,,,,イベント期間中、3日間連続で毎日30分間オンラインに接続できる。,이벤트 기간 동안 매일 30분씩 3일 연속으로 온라인에 접속할 수 있습니다.
登录游戏,Log in,登录游戏,,,,,,ゲームにログインする,게임에 로그인
完成,Completed,完成,,,,,,仕上げる,마치다
在线30分钟,Online for 30 minutes,在线30分钟,,,,,,30分間オンライン,30분 동안 온라인으로
未完成（1/3）,Incomplete (1/3),未完成（1/3）,,,,,,未完成 (1/3),완료되지 않음(1/3)
领取,Receive,领取,,,,,,受け取る,받다
99999,99999,99999,,,,,,99999,99999
设置,Settings,设置,,,,,,設定,설정
排行榜,Leaderboard,排行榜,,,,,,ランキング一覧,순위 목록
组队,Team,组队,,,,,,チームアップ,팀을 이루다
背包,Backpack,背包,,,,,,バックパック,배낭
抽奖,Lottery,抽奖,,,,,,宝くじ,운
换装商店,Dress Up Shop,换装商店,,,,,,ドレスアップショップ,드레스 업 샵
皮肤技能,Skin Skills,皮肤技能,,,,,,スキンスキル,스킨 스킬
免费领枪,Free Gun,免费领枪,,,,,,フリーガン,무료 총
任务,TASKS,任务,,,,,,タスク,일
等级：Lv.999,Level: Lv.999,等级：Lv.999,,,,,,レベル: Lv.999,레벨: Lv.999
复活倒计时,Respawn Countdown,复活倒计时,,,,,,復活へのカウントダウン,부활을 향한 카운트다운
3,3,3,,,,,,3,3
复活后2秒内无敌,Invincible for 2s after respawn,复活后2秒内无敌,,,,,,復活後2秒以内に無敵になる,부활 후 2초 이내에 무적 상태가 됩니다.
开火灵敏度,Fire Sensitivity,开火灵敏度,,,,,,発砲感度,발사 감도
低,Low,低,,,,,,低,낮은
中,Medium,中,,,,,,中,가운데
高,High,高,,,,,,高,높은
控制灵敏度,Control sensitivity,控制灵敏度,,,,,,コントロール感度,제어 감도
背景音乐,Music,背景音乐,,,,,,バックグラウンドミュージック,배경 음악
6.6,6.6,6.6,,,,,,6.6,6.6
激光三连击,Laser Triple Kill,激光三连击,,,,,,レーザー・トリプル・ストライク,레이저 트리플 스트라이크
无敌时间,Invincibility Duration,无敌时间,,,,,,無敵時間,무적의 시간
九连杀！超越神啦！,Nine Kills! Beyond God!,九连杀！超越神啦！,,,,,,9連続キル！神を超えて！,9연속 킬! 신을 넘어서!
你是谁你是谁你是,Who are you? Who are you?,你是谁你是谁你是,,,,,,あなたは誰ですか、あなたは誰ですか、あなたは誰ですか,당신은 누구입니까? 당신은 누구입니까?
 击杀 , Slay , 击杀 ,,,,,, 仕留める , 죽이다(사람 또는 동물) 
已拥有,Owned,已拥有,,,,,,すでに所有しています,이미 소유함
QBZ95式突击步枪,QBZ95,QBZ95式突击步枪,,,,,,QBZ 95アサルト・ライフル,QBZ 95 돌격 소총
18888金\n币抽奖1次,18888 Gold\nCoin Lottery 1 time,18888金\n币抽奖1次,,,,,,18888 金貨抽選会 1回,18888 골드 \n 코인 럭키 드로우 1회
2个钻石抽奖1次,1 out of 2 diamond draws,2个钻石抽奖1次,,,,,,2ダイアモンドで1ドロー,무승부 1회에 다이아몬드 2개
已拥有的打开背包使用,Owned open backpack for use,已拥有的打开背包使用,,,,,,バックパックを開け、すでに持っている場合はそれを使う。,이미 가지고 있다면 백팩을 열어 사용하세요.
MetaWorld,MetaWorld,MetaWorld,,,,,,MetaWorld,MetaWorld
输入你的队名,Enter your team name,输入你的队名,,,,,,チーム名を入力,팀 이름 입력
确定,Confirm,确定,,,,,,もちろん,확신하는
Gun,Gun,Gun,,,,,,Gun,Gun
0S,0S,0S,,,,,,0S,0S
登陆游戏 (1/1),Log in (1/1),登陆游戏 (1/1),,,,,,ゲームにログイン(1/1),게임에 로그인(1/1)
500,500,500,,,,,,500,500
50000,50000,50000,,,,,,50000,50000
领取奖励,Claim,领取奖励,,,,,,報酬を請求する,보상 청구
未完成,Incomplete,未完成,,,,,,未完了,완료되지 않음
每日任务,Daily Quest,每日任务,,,,,,日々のタスク,일일 업무
剩余: 15小时,Remaining: 15h,剩余: 15小时,,,,,,残り： 15時間,남은 금액: 15시간
任务已全部完成，等待刷新...,Please wait for the tasks to be refreshed.,任务已全部完成，等待刷新...,,,,,,すべてのタスクが完了し、更新を待っています...,모든 작업이 완료되었습니다. 새로고침을 기다리는 중입니다...
每周任务,Weekly,每周任务,,,,,,毎週のタスク,주간 작업
爱玩游戏的小胖子,Game-playing little fat guy.,爱玩游戏的小胖子,,,,,,ゲームが大好きなデブ男,게임을 좋아하는 뚱뚱한 남자
爱玩游戏的小胖子队伍,Game-pro,爱玩游戏的小胖子队伍,,,,,,ゲームが大好きな太った子供たちのチーム,게임을 좋아하는 뚱뚱한 아이들로 구성된 팀
人数：2,Members: 2,人数：2,,,,,,人数：2,인원 수: 2
改名,Rename,改名,,,,,,名前を変更する,이름 변경
加入,Join,加入,,,,,,加入,가입하다
100,100,100,,,,,,100,100
999,999,999,,,,,,999,999
超凡大师 Lv.999,Master Lv.999,超凡大师 Lv.999,,,,,,超越マスター Lv.999,초월 마스터 레벨.999
全服排行榜,Global Leaderboard,全服排行榜,,,,,,サーバー全体のランキング,서버 전체 순위
排名,Ranking,排名,,,,,,ランキング,순위
名字,Name,名字,,,,,,名前,이름
等级,Level,等级,,,,,,学年,등급
击杀,Slay,击杀,,,,,,殺す,죽이다
你所在房间内的排行榜。点击右侧排行模式按钮会刷新排行榜模式。,Leaderboard in your room. Tap the Rank Mode button on the right to refresh the leaderboard mode.,你所在房间内的排行榜。点击右侧排行模式按钮会刷新排行榜模式。,,,,,,あなたがいる部屋のリーダーボード。右側のランキングモードボタンをクリックするとランキングモードが更新されます。,현재 있는 방의 순위표입니다. 오른쪽의 순위 모드 버튼을 클릭하면 순위 모드가 새로고침됩니다.
切换房间排行榜,Switch room leaderboard,切换房间排行榜,,,,,,スイッチルームランキング,방 순위 전환
切换全服排行榜,Switch Global Leaderboard,切换全服排行榜,,,,,,サーバー全体のランキング リストに切り替える,서버 전체 순위 목록으로 전환
M4A1卡宾枪,M4A1 Carbine,M4A1卡宾枪,,,,,,M4A1カービン,M4A1 카빈총
幽灵激光枪,Ghost Laser Gun,幽灵激光枪,,,,,,ゴースト・レーザー銃,고스트 레이저 건
激光巴雷特,Laser Barrett,激光巴雷特,,,,,,レーザー・バレット,레이저 배럿
激光烈火枪,Laser musket,激光烈火枪,,,,,,レーザーブラスター,레이저 블래스터
激光冰雷枪,Laser Thunder Gun,激光冰雷枪,,,,,,レーザーアイスマインガン,레이저 얼음 지뢰 총
赛博激光巴雷特,Cyber Laser Barrett,赛博激光巴雷特,,,,,,サイバーレーザー・バレット,사이버레이저 배럿
鸡枪,Chicken Gun,鸡枪,,,,,,ごきぶり,바퀴벌레(무기)
烟花枪,Fireworks Gun,烟花枪,,,,,,花火銃,불꽃놀이 총
AK47自动步枪,AK47 Automatic Rifle,AK47自动步枪,,,,,,AK47自動小銃,AK47 자동 소총
SCAR突击步枪,SCAR Assault Rifle,SCAR突击步枪,,,,,,SCARアサルトライフル,SCAR 돌격 소총
突击步枪,Assault Rifle,突击步枪,,,,,,アサルトライフル,돌격 소총
MP5冲锋枪,MP5 SMG,MP5冲锋枪,,,,,,MP5サブマシンガン,MP5 기관단총
MP7冲锋枪,MP7 SMG,MP7冲锋枪,,,,,,MP7サブマシンガン,MP7 기관단총
P90冲锋枪,P90,P90冲锋枪,,,,,,P90サブマシンガン,P90 기관단총
M249机枪,M249 Machine Gun,M249机枪,,,,,,M249機関銃,M249 기관총
到达目标点,Reached the target point,到达目标点,,,,,,目標地点まで行く。,목표 지점으로 이동합니다.
激光幽灵枪,Laser Ghost Gun,激光幽灵枪,,,,,,レーザーゴーストガン,레이저 유령 총
赛博少年,Cyber Boy,赛博少年,,,,,,サイバー少年,사이버 소년
时装男青年,Costume Boy,时装男青年,,,,,,おしゃれな若い男性,세련된 젊은이들
机甲少女,Mecha Girl,机甲少女,,,,,,メカガール,메카 소녀
纳米机甲女性,Nano Mecha Female,纳米机甲女性,,,,,,ナノメカメス,나노메카 암컷
赛博少女,Cyber Girl,赛博少女,,,,,,サイバーガール,사이버 소녀
眼镜未来战士,Glasses Warrior,眼镜未来战士,,,,,,メガネの未来の兵士,안경 미래 군인
紫色机甲,Purple Mecha,紫色机甲,,,,,,パープルメカ,보라색 메카
黑人男纳米机甲,Black Male Nano Mecha,黑人男纳米机甲,,,,,,黒人男性ナノメカ,흑인 남성 나노메카
白人男纳米机甲,White Male Nano Mech Armor,白人男纳米机甲,,,,,,白人男性のナノメカ,백인 남성 나노메카
"[""动画节点"",""{\\""guid\\"":\\""135369\\"",\\""totalTime\\"":1.63,\\""progress\\"":1,\\""AnimSlot\\"":0}"",""延迟节点"",""{\\""delayTime\\"":0.8}"",""特效节点"",""{\\""guid\\"":\\""92838\\"",\\""time\\"":1,\\""distance\\"":100,\\""zOffset\\"":20,\\""yaw\\"":0,\\""scale\\"":{\\""x\\"":0.5,\\""y\\"":0.5,\\""z\\"":0.5},\\""rotate\\"":{\\""x\\"":0,\\""y\\"":0,\\""z\\"":0},\\""EffSlot\\"":-1}"",""方盒判定"",""{\\""distance\\"":30,\\""yaw\\"":0,\\""pitch\\"":0,\\""zOffset\\"":10,\\""lenth\\"":60,\\""width\\"":30,\\""height\\"":30,\\""damage\\"":100}""]",,"[""动画节点"",""{\\""guid\\"":\\""135369\\"",\\""totalTime\\"":1.63,\\""progress\\"":1,\\""AnimSlot\\"":0}"",""延迟节点"",""{\\""delayTime\\"":0.8}"",""特效节点"",""{\\""guid\\"":\\""92838\\"",\\""time\\"":1,\\""distance\\"":100,\\""zOffset\\"":20,\\""yaw\\"":0,\\""scale\\"":{\\""x\\"":0.5,\\""y\\"":0.5,\\""z\\"":0.5},\\""rotate\\"":{\\""x\\"":0,\\""y\\"":0,\\""z\\"":0},\\""EffSlot\\"":-1}"",""方盒判定"",""{\\""distance\\"":30,\\""yaw\\"":0,\\""pitch\\"":0,\\""zOffset\\"":10,\\""lenth\\"":60,\\""width\\"":30,\\""height\\"":30,\\""damage\\"":100}""]",,,,,,,
蓄力一拳,Charge Punch,蓄力一拳,,,,,,パワーパンチだ。,파워 펀치.
"[""动画节点"",""{\\""guid\\"":\\""135373\\"",\\""totalTime\\"":1.4,\\""progress\\"":1,\\""AnimSlot\\"":0}"",""延迟节点"",""{\\""delayTime\\"":0.3}"",""特效节点"",""{\\""guid\\"":\\""168957\\"",\\""time\\"":1,\\""distance\\"":40,\\""zOffset\\"":10,\\""yaw\\"":0,\\""scale\\"":{\\""x\\"":1,\\""y\\"":0.5,\\""z\\"":1},\\""rotate\\"":{\\""x\\"":0,\\""y\\"":0,\\""z\\"":-90},\\""EffSlot\\"":-1}"",""方盒判定"",""{\\""distance\\"":30,\\""yaw\\"":0,\\""pitch\\"":0,\\""zOffset\\"":10,\\""lenth\\"":60,\\""width\\"":30,\\""height\\"":30,\\""damage\\"":100}""]",,"[""动画节点"",""{\\""guid\\"":\\""135373\\"",\\""totalTime\\"":1.4,\\""progress\\"":1,\\""AnimSlot\\"":0}"",""延迟节点"",""{\\""delayTime\\"":0.3}"",""特效节点"",""{\\""guid\\"":\\""168957\\"",\\""time\\"":1,\\""distance\\"":40,\\""zOffset\\"":10,\\""yaw\\"":0,\\""scale\\"":{\\""x\\"":1,\\""y\\"":0.5,\\""z\\"":1},\\""rotate\\"":{\\""x\\"":0,\\""y\\"":0,\\""z\\"":-90},\\""EffSlot\\"":-1}"",""方盒判定"",""{\\""distance\\"":30,\\""yaw\\"":0,\\""pitch\\"":0,\\""zOffset\\"":10,\\""lenth\\"":60,\\""width\\"":30,\\""height\\"":30,\\""damage\\"":100}""]",,,,,,,
大脚踹,Big Tread,大脚踹,,,,,,ビッグキック,큰 킥
"[""动画节点"",""{\\""guid\\"":\\""129180\\"",\\""totalTime\\"":1,\\""progress\\"":1,\\""AnimSlot\\"":0}"",""位移节点"",""{\\""lenth\\"":300,\\""zOffset\\"":0,\\""yaw\\"":0,\\""time\\"":0.5,\\""checkCount\\"":6}"",""方盒判定"",""{\\""distance\\"":50,\\""yaw\\"":0,\\""pitch\\"":0,\\""zOffset\\"":-50,\\""lenth\\"":300,\\""width\\"":50,\\""height\\"":50,\\""damage\\"":100}""]",,"[""动画节点"",""{\\""guid\\"":\\""129180\\"",\\""totalTime\\"":1,\\""progress\\"":1,\\""AnimSlot\\"":0}"",""位移节点"",""{\\""lenth\\"":300,\\""zOffset\\"":0,\\""yaw\\"":0,\\""time\\"":0.5,\\""checkCount\\"":6}"",""方盒判定"",""{\\""distance\\"":50,\\""yaw\\"":0,\\""pitch\\"":0,\\""zOffset\\"":-50,\\""lenth\\"":300,\\""width\\"":50,\\""height\\"":50,\\""damage\\"":100}""]",,,,,,,
滑铲,Slide,滑铲,,,,,,スライドショベル,슬라이드 삽
"[""动画节点"",""{\\""guid\\"":\\""119945\\"",\\""totalTime\\"":0.93,\\""progress\\"":1,\\""AnimSlot\\"":0}"",""延迟节点"",""{\\""delayTime\\"":0.3}"",""特效节点"",""{\\""guid\\"":\\""84962\\"",\\""time\\"":-0.55,\\""distance\\"":0,\\""zOffset\\"":0,\\""yaw\\"":0,\\""scale\\"":{\\""x\\"":1,\\""y\\"":1,\\""z\\"":1},\\""rotate\\"":{\\""x\\"":0,\\""y\\"":0,\\""z\\"":0},\\""EffSlot\\"":-1}"",""球圆判定"",""{\\""distance\\"":0,\\""yaw\\"":0,\\""zOffset\\"":0,\\""radius\\"":150,\\""height\\"":20,\\""damage\\"":100}""]",,"[""动画节点"",""{\\""guid\\"":\\""119945\\"",\\""totalTime\\"":0.93,\\""progress\\"":1,\\""AnimSlot\\"":0}"",""延迟节点"",""{\\""delayTime\\"":0.3}"",""特效节点"",""{\\""guid\\"":\\""84962\\"",\\""time\\"":-0.55,\\""distance\\"":0,\\""zOffset\\"":0,\\""yaw\\"":0,\\""scale\\"":{\\""x\\"":1,\\""y\\"":1,\\""z\\"":1},\\""rotate\\"":{\\""x\\"":0,\\""y\\"":0,\\""z\\"":0},\\""EffSlot\\"":-1}"",""球圆判定"",""{\\""distance\\"":0,\\""yaw\\"":0,\\""zOffset\\"":0,\\""radius\\"":150,\\""height\\"":20,\\""damage\\"":100}""]",,,,,,,
回旋踢,Spin Kick,回旋踢,,,,,,まわしげり,라운드 하우스 킥
"[""动画节点"",""{\\""guid\\"":\\""117407\\"",\\""totalTime\\"":2.5,\\""progress\\"":1,\\""AnimSlot\\"":0}"",""延迟节点"",""{\\""delayTime\\"":0.2}"",""位移节点"",""{\\""lenth\\"":250,\\""zOffset\\"":50,\\""yaw\\"":0,\\""time\\"":0.6,\\""checkCount\\"":6}"",""延迟节点"",""{\\""delayTime\\"":0.8}"",""特效节点"",""{\\""guid\\"":\\""164528\\"",\\""time\\"":1,\\""distance\\"":50,\\""zOffset\\"":-80,\\""yaw\\"":0,\\""scale\\"":{\\""x\\"":1,\\""y\\"":1,\\""z\\"":1},\\""rotate\\"":{\\""x\\"":0,\\""y\\"":0,\\""z\\"":0},\\""EffSlot\\"":-1}"",""球圆判定"",""{\\""distance\\"":50,\\""yaw\\"":0,\\""zOffset\\"":-80,\\""radius\\"":100,\\""height\\"":20,\\""damage\\"":100}""]",,"[""动画节点"",""{\\""guid\\"":\\""117407\\"",\\""totalTime\\"":2.5,\\""progress\\"":1,\\""AnimSlot\\"":0}"",""延迟节点"",""{\\""delayTime\\"":0.2}"",""位移节点"",""{\\""lenth\\"":250,\\""zOffset\\"":50,\\""yaw\\"":0,\\""time\\"":0.6,\\""checkCount\\"":6}"",""延迟节点"",""{\\""delayTime\\"":0.8}"",""特效节点"",""{\\""guid\\"":\\""164528\\"",\\""time\\"":1,\\""distance\\"":50,\\""zOffset\\"":-80,\\""yaw\\"":0,\\""scale\\"":{\\""x\\"":1,\\""y\\"":1,\\""z\\"":1},\\""rotate\\"":{\\""x\\"":0,\\""y\\"":0,\\""z\\"":0},\\""EffSlot\\"":-1}"",""球圆判定"",""{\\""distance\\"":50,\\""yaw\\"":0,\\""zOffset\\"":-80,\\""radius\\"":100,\\""height\\"":20,\\""damage\\"":100}""]",,,,,,,
藤曼突刺,Vine Man Thorn,藤曼突刺,,,,,,バインマンズ・スパイク,비너먼의 스파이크
"[""动画节点"",""{\\""guid\\"":\\""162137\\"",\\""totalTime\\"":1.8,\\""progress\\"":1,\\""AnimSlot\\"":0}"",""特效节点"",""{\\""guid\\"":\\""163348\\"",\\""time\\"":-1.1,\\""distance\\"":-50,\\""zOffset\\"":100,\\""yaw\\"":0,\\""scale\\"":{\\""x\\"":2,\\""y\\"":2,\\""z\\"":2},\\""rotate\\"":{\\""x\\"":0,\\""y\\"":0,\\""z\\"":0},\\""EffSlot\\"":23}"",""延迟节点"",""{\\""delayTime\\"":1}"",""动画节点"",""{\\""guid\\"":\\""29728\\"",\\""totalTime\\"":2.33,\\""progress\\"":1,\\""AnimSlot\\"":0}"",""延迟节点"",""{\\""delayTime\\"":0.5}"",""特效节点"",""{\\""guid\\"":\\""163349\\"",\\""time\\"":1,\\""distance\\"":100,\\""zOffset\\"":20,\\""yaw\\"":0,\\""scale\\"":{\\""x\\"":1,\\""y\\"":1,\\""z\\"":1},\\""rotate\\"":{\\""x\\"":0,\\""y\\"":0,\\""z\\"":0},\\""EffSlot\\"":-1}"",""方盒判定"",""{\\""distance\\"":100,\\""yaw\\"":0,\\""pitch\\"":0,\\""zOffset\\"":20,\\""lenth\\"":1000,\\""width\\"":30,\\""height\\"":30,\\""damage\\"":100}""]",,"[""动画节点"",""{\\""guid\\"":\\""162137\\"",\\""totalTime\\"":1.8,\\""progress\\"":1,\\""AnimSlot\\"":0}"",""特效节点"",""{\\""guid\\"":\\""163348\\"",\\""time\\"":-1.1,\\""distance\\"":-50,\\""zOffset\\"":100,\\""yaw\\"":0,\\""scale\\"":{\\""x\\"":2,\\""y\\"":2,\\""z\\"":2},\\""rotate\\"":{\\""x\\"":0,\\""y\\"":0,\\""z\\"":0},\\""EffSlot\\"":23}"",""延迟节点"",""{\\""delayTime\\"":1}"",""动画节点"",""{\\""guid\\"":\\""29728\\"",\\""totalTime\\"":2.33,\\""progress\\"":1,\\""AnimSlot\\"":0}"",""延迟节点"",""{\\""delayTime\\"":0.5}"",""特效节点"",""{\\""guid\\"":\\""163349\\"",\\""time\\"":1,\\""distance\\"":100,\\""zOffset\\"":20,\\""yaw\\"":0,\\""scale\\"":{\\""x\\"":1,\\""y\\"":1,\\""z\\"":1},\\""rotate\\"":{\\""x\\"":0,\\""y\\"":0,\\""z\\"":0},\\""EffSlot\\"":-1}"",""方盒判定"",""{\\""distance\\"":100,\\""yaw\\"":0,\\""pitch\\"":0,\\""zOffset\\"":20,\\""lenth\\"":1000,\\""width\\"":30,\\""height\\"":30,\\""damage\\"":100}""]",,,,,,,
蓄力红激光,Charge Red Laser,蓄力红激光,,,,,,赤色レーザーを発射,발사 준비 완료된 빨간색 레이저
"[""动画节点"",""{\\""guid\\"":\\""162137\\"",\\""totalTime\\"":1.8,\\""progress\\"":1,\\""AnimSlot\\"":0}"",""特效节点"",""{\\""guid\\"":\\""163346\\"",\\""time\\"":-1.1,\\""distance\\"":-50,\\""zOffset\\"":100,\\""yaw\\"":0,\\""scale\\"":{\\""x\\"":2,\\""y\\"":2,\\""z\\"":2},\\""rotate\\"":{\\""x\\"":0,\\""y\\"":0,\\""z\\"":0},\\""EffSlot\\"":23}"",""延迟节点"",""{\\""delayTime\\"":1}"",""动画节点"",""{\\""guid\\"":\\""29728\\"",\\""totalTime\\"":2.33,\\""progress\\"":1,\\""AnimSlot\\"":0}"",""延迟节点"",""{\\""delayTime\\"":0.5}"",""特效节点"",""{\\""guid\\"":\\""163347\\"",\\""time\\"":1,\\""distance\\"":100,\\""zOffset\\"":20,\\""yaw\\"":0,\\""scale\\"":{\\""x\\"":1,\\""y\\"":1,\\""z\\"":1},\\""rotate\\"":{\\""x\\"":0,\\""y\\"":0,\\""z\\"":0},\\""EffSlot\\"":-1}"",""方盒判定"",""{\\""distance\\"":100,\\""yaw\\"":0,\\""pitch\\"":0,\\""zOffset\\"":20,\\""lenth\\"":1000,\\""width\\"":30,\\""height\\"":30,\\""damage\\"":100}""]",,"[""动画节点"",""{\\""guid\\"":\\""162137\\"",\\""totalTime\\"":1.8,\\""progress\\"":1,\\""AnimSlot\\"":0}"",""特效节点"",""{\\""guid\\"":\\""163346\\"",\\""time\\"":-1.1,\\""distance\\"":-50,\\""zOffset\\"":100,\\""yaw\\"":0,\\""scale\\"":{\\""x\\"":2,\\""y\\"":2,\\""z\\"":2},\\""rotate\\"":{\\""x\\"":0,\\""y\\"":0,\\""z\\"":0},\\""EffSlot\\"":23}"",""延迟节点"",""{\\""delayTime\\"":1}"",""动画节点"",""{\\""guid\\"":\\""29728\\"",\\""totalTime\\"":2.33,\\""progress\\"":1,\\""AnimSlot\\"":0}"",""延迟节点"",""{\\""delayTime\\"":0.5}"",""特效节点"",""{\\""guid\\"":\\""163347\\"",\\""time\\"":1,\\""distance\\"":100,\\""zOffset\\"":20,\\""yaw\\"":0,\\""scale\\"":{\\""x\\"":1,\\""y\\"":1,\\""z\\"":1},\\""rotate\\"":{\\""x\\"":0,\\""y\\"":0,\\""z\\"":0},\\""EffSlot\\"":-1}"",""方盒判定"",""{\\""distance\\"":100,\\""yaw\\"":0,\\""pitch\\"":0,\\""zOffset\\"":20,\\""lenth\\"":1000,\\""width\\"":30,\\""height\\"":30,\\""damage\\"":100}""]",,,,,,,
蓄力白激光,Charge White Laser,蓄力白激光,,,,,,白色レーザー,화이트 레이저가 준비된 액션
"[""动画节点"",""{\\""guid\\"":\\""117528\\"",\\""totalTime\\"":1.83,\\""progress\\"":1,\\""AnimSlot\\"":0}"",""延迟节点"",""{\\""delayTime\\"":1}"",""特效节点"",""{\\""guid\\"":\\""101407\\"",\\""time\\"":1,\\""distance\\"":20,\\""zOffset\\"":-90,\\""yaw\\"":0,\\""scale\\"":{\\""x\\"":1,\\""y\\"":1,\\""z\\"":1},\\""rotate\\"":{\\""x\\"":0,\\""y\\"":0,\\""z\\"":0},\\""EffSlot\\"":-1}"",""方盒判定"",""{\\""distance\\"":50,\\""yaw\\"":0,\\""pitch\\"":0,\\""zOffset\\"":-80,\\""lenth\\"":450,\\""width\\"":100,\\""height\\"":50,\\""damage\\"":100}""]",,"[""动画节点"",""{\\""guid\\"":\\""117528\\"",\\""totalTime\\"":1.83,\\""progress\\"":1,\\""AnimSlot\\"":0}"",""延迟节点"",""{\\""delayTime\\"":1}"",""特效节点"",""{\\""guid\\"":\\""101407\\"",\\""time\\"":1,\\""distance\\"":20,\\""zOffset\\"":-90,\\""yaw\\"":0,\\""scale\\"":{\\""x\\"":1,\\""y\\"":1,\\""z\\"":1},\\""rotate\\"":{\\""x\\"":0,\\""y\\"":0,\\""z\\"":0},\\""EffSlot\\"":-1}"",""方盒判定"",""{\\""distance\\"":50,\\""yaw\\"":0,\\""pitch\\"":0,\\""zOffset\\"":-80,\\""lenth\\"":450,\\""width\\"":100,\\""height\\"":50,\\""damage\\"":100}""]",,,,,,,
砸地突刺,Ground Smash Stab,砸地突刺,,,,,,グラウンドスラム,그라운드 슬램(무술)
"[""装备节点"",""{\\""guid\\"":\\""103072\\"",\\""location\\"":{\\""x\\"":1,\\""y\\"":1,\\""z\\"":1},\\""scale\\"":{\\""x\\"":1,\\""y\\"":1,\\""z\\"":1},\\""rotate\\"":{\\""x\\"":0,\\""y\\"":0,\\""z\\"":0},\\""SlotType\\"":16}"",""动画节点"",""{\\""guid\\"":\\""119910\\"",\\""totalTime\\"":3.23,\\""progress\\"":1,\\""AnimSlot\\"":0}"",""延迟节点"",""{\\""delayTime\\"":0.8}"",""特效节点"",""{\\""guid\\"":\\""168834\\"",\\""time\\"":1,\\""distance\\"":100,\\""zOffset\\"":-80,\\""yaw\\"":0,\\""scale\\"":{\\""x\\"":1,\\""y\\"":1,\\""z\\"":1},\\""rotate\\"":{\\""x\\"":0,\\""y\\"":0,\\""z\\"":0},\\""EffSlot\\"":-1}"",""方盒判定"",""{\\""distance\\"":100,\\""yaw\\"":1,\\""pitch\\"":0,\\""zOffset\\"":-30,\\""lenth\\"":1000,\\""width\\"":10,\\""height\\"":100,\\""damage\\"":100}""]",,"[""装备节点"",""{\\""guid\\"":\\""103072\\"",\\""location\\"":{\\""x\\"":1,\\""y\\"":1,\\""z\\"":1},\\""scale\\"":{\\""x\\"":1,\\""y\\"":1,\\""z\\"":1},\\""rotate\\"":{\\""x\\"":0,\\""y\\"":0,\\""z\\"":0},\\""SlotType\\"":16}"",""动画节点"",""{\\""guid\\"":\\""119910\\"",\\""totalTime\\"":3.23,\\""progress\\"":1,\\""AnimSlot\\"":0}"",""延迟节点"",""{\\""delayTime\\"":0.8}"",""特效节点"",""{\\""guid\\"":\\""168834\\"",\\""time\\"":1,\\""distance\\"":100,\\""zOffset\\"":-80,\\""yaw\\"":0,\\""scale\\"":{\\""x\\"":1,\\""y\\"":1,\\""z\\"":1},\\""rotate\\"":{\\""x\\"":0,\\""y\\"":0,\\""z\\"":0},\\""EffSlot\\"":-1}"",""方盒判定"",""{\\""distance\\"":100,\\""yaw\\"":1,\\""pitch\\"":0,\\""zOffset\\"":-30,\\""lenth\\"":1000,\\""width\\"":10,\\""height\\"":100,\\""damage\\"":100}""]",,,,,,,
镰刀劈砍,Sickle Chop,镰刀劈砍,,,,,,槌鎌,망치와 낫(농촌과 프롤레타리아 노동을 상징하는 소련 국기)
"[""装备节点"",""{\\""guid\\"":\\""122956\\"",\\""location\\"":{\\""x\\"":1,\\""y\\"":1,\\""z\\"":1},\\""scale\\"":{\\""x\\"":1,\\""y\\"":1,\\""z\\"":1},\\""rotate\\"":{\\""x\\"":0,\\""y\\"":0,\\""z\\"":0},\\""SlotType\\"":16}"",""动画节点"",""{\\""guid\\"":\\""117523\\"",\\""totalTime\\"":1.6,\\""progress\\"":1,\\""AnimSlot\\"":0}"",""延迟节点"",""{\\""delayTime\\"":0.3}"",""特效节点"",""{\\""guid\\"":\\""130640\\"",\\""time\\"":1,\\""distance\\"":900,\\""zOffset\\"":30,\\""yaw\\"":0,\\""scale\\"":{\\""x\\"":1,\\""y\\"":1,\\""z\\"":1},\\""rotate\\"":{\\""x\\"":0,\\""y\\"":0,\\""z\\"":-90},\\""EffSlot\\"":-1}"",""方盒判定"",""{\\""distance\\"":30,\\""yaw\\"":0,\\""pitch\\"":0,\\""zOffset\\"":10,\\""lenth\\"":800,\\""width\\"":30,\\""height\\"":30,\\""damage\\"":100}""]",,"[""装备节点"",""{\\""guid\\"":\\""122956\\"",\\""location\\"":{\\""x\\"":1,\\""y\\"":1,\\""z\\"":1},\\""scale\\"":{\\""x\\"":1,\\""y\\"":1,\\""z\\"":1},\\""rotate\\"":{\\""x\\"":0,\\""y\\"":0,\\""z\\"":0},\\""SlotType\\"":16}"",""动画节点"",""{\\""guid\\"":\\""117523\\"",\\""totalTime\\"":1.6,\\""progress\\"":1,\\""AnimSlot\\"":0}"",""延迟节点"",""{\\""delayTime\\"":0.3}"",""特效节点"",""{\\""guid\\"":\\""130640\\"",\\""time\\"":1,\\""distance\\"":900,\\""zOffset\\"":30,\\""yaw\\"":0,\\""scale\\"":{\\""x\\"":1,\\""y\\"":1,\\""z\\"":1},\\""rotate\\"":{\\""x\\"":0,\\""y\\"":0,\\""z\\"":-90},\\""EffSlot\\"":-1}"",""方盒判定"",""{\\""distance\\"":30,\\""yaw\\"":0,\\""pitch\\"":0,\\""zOffset\\"":10,\\""lenth\\"":800,\\""width\\"":30,\\""height\\"":30,\\""damage\\"":100}""]",,,,,,,
突刺,Stab,突刺,,,,,,推力,추력
每日登陆游戏（{0}/{1}）,Daily login ({0}/{1}),每日登陆游戏（{0}/{1}）,,,,,,{0}{1}毎日ログインゲーム ( / ),{0}{1}매일 로그인 게임 ( / )
每日在线时长5分钟（{0}/{1}）,Daily online duration reaches 5 mins ({0}/{1}),每日在线时长5分钟（{0}/{1}）,,,,,,毎日のオンライン時間 5 分 ({0}/{1}）,일일 온라인 시간 5분({0}/{1})
每日在线时长10分钟（{0}/{1}）,Daily online duration reaches 10 minutes ({0}/{1}),每日在线时长10分钟（{0}/{1}）,,,,,,毎日 10 分間のオンライン時間 ({0}/{1}）,일일 온라인 시간 10분({0}/{1})
每日在线时长15分钟（{0}/{1}）,Online session of the day reaches 15 minutes ({0}/{1}),每日在线时长15分钟（{0}/{1}）,,,,,,毎日のオンライン時間は 15 分 ({0}/{1}）,일일 온라인 시간 15분({0}/{1})
每日在线时长20分钟（{0}/{1}）,Daily online duration reaches 20 minutes ({0}/{1}),每日在线时长20分钟（{0}/{1}）,,,,,,毎日のオンライン時間 20 分 ({0}/{1}）,일일 온라인 시간 20분({0}/{1})
每日在线时长30分钟（{0}/{1}）,Daily online duration reaches 30 minutes ({0}/{1}),每日在线时长30分钟（{0}/{1}）,,,,,,毎日のオンライン時間は 30 分です ({0}/{1}）,일일 온라인 시간은 30분입니다({0}/{1})
每日在线时长60分钟（{0}/{1}）,Daily online duration reaches 60 minutes ({0}/{1}),每日在线时长60分钟（{0}/{1}）,,,,,,毎日のオンライン時間は 60 分 ({0}/{1}）,일일 온라인 시간은 60분입니다({0}/{1})
每日击杀敌人1个（{0}/{1}）,Slay 1 enemy a day ({0}/{1}),每日击杀敌人1个（{0}/{1}）,,,,,,{0}{1}1日1キル,{0}{1}하루에 적 처치 1건 ( / )
每日击杀敌人5个（{0}/{1}）,Slay 5 enemies per day ({0}/{1}),每日击杀敌人5个（{0}/{1}）,,,,,,{0}{1}1日5キル,{0}{1}하루 적 처치 5명 ( / )
每日击杀敌人10个（{0}/{1}）,Slay 10 enemies per day ({0}/{1}),每日击杀敌人10个（{0}/{1}）,,,,,,{0}{1}1日に敵を10体倒す（ / ）。,{0}{1}하루 적 처치 10회 ( / )
每日击杀敌人30个（{0}/{1}）,Slay 30 enemies daily ({0}/{1}),每日击杀敌人30个（{0}/{1}）,,,,,,{0}{1}1日に30人の敵を倒す（ / ）。,{0}{1}하루 적 처치 30명 ( / )
每日击杀敌人50个（{0}/{1}）,Slay 50 enemies per day ({0}/{1}),每日击杀敌人50个（{0}/{1}）,,,,,,{0}{1}1日に敵を50体倒す（ / ）。,{0}{1}하루 적 처치 50명 ( / )
每日击杀敌人100个（{0}/{1}）,Slay 100 enemies per day ({0}/{1}),每日击杀敌人100个（{0}/{1}）,,,,,,{0}{1}1日に敵を100体倒す（ / ）。,{0}{1}하루 적 처치 100명 ( / )
每日击杀1个Boss（{0}/{1}）,Kill 1 Boss per day ({0}/{1}),每日击杀1个Boss（{0}/{1}）,,,,,,{0}{1}1日1回ボスを倒す ( / ),{0}{1}하루에 보스 1마리 처치 ( / )
每日击杀3个Boss（{0}/{1}）,Slay 3 Bosses per day ({0}/{1}),每日击杀3个Boss（{0}/{1}）,,,,,,{0}{1}1日に3人のボスを倒す（ / ）。,{0}{1}하루에 보스 3마리 처치 ( / )
每日击杀10个Boss（{0}/{1}）,Slay 10 Bosses per day ({0}/{1}),每日击杀10个Boss（{0}/{1}）,,,,,,{0}{1}1日にボスを10体倒す ( / ),{0}{1}하루에 보스 10마리 처치 ( / )
每日击杀30个Boss（{0}/{1}）,Kill 30 Bosses per day ({0}/{1}),每日击杀30个Boss（{0}/{1}）,,,,,,{0}{1}1日に30人のボスを倒す（ / ）。,{0}{1}하루에 보스 30마리 처치 ( / )
每日击杀100个Boss（{0}/{1}）,Slay 100 Bosses per day ({0}/{1}),每日击杀100个Boss（{0}/{1}）,,,,,,{0}{1}1日に100人のボスを倒す（ / ）。,{0}{1}하루에 보스 100마리 처치 ( / )
每周登录2天（{0}/{1}）,Log in 2 days per week ({0}/{1}),每周登录2天（{0}/{1}）,,,,,,週に 2 日ログイン ({0}/{1}）,일주일에 2일 로그인({0}/{1})
每周登录3天（{0}/{1}）,Log in 3 days per week ({0}/{1}),每周登录3天（{0}/{1}）,,,,,,週に 3 日ログイン ({0}/{1}）,일주일에 3일 로그인({0}/{1})
每周登录5天（{0}/{1}）,Log in 5 days per week ({0}/{1}),每周登录5天（{0}/{1}）,,,,,,週に 5 日ログイン ({0}/{1}）,주 5일 로그인({0}/{1})
每周登录7天（{0}/{1}）,Log in 7 days a week ({0}/{1}),每周登录7天（{0}/{1}）,,,,,,年中無休でログイン ({0}/{1}）,일주일 내내 로그인하세요({0}/{1})
每周时长达到30分钟2天（{0}/{1}）,Weekly duration reaches 30 minutes 2 days ({0}/{1}),每周时长达到30分钟2天（{0}/{1}）,,,,,,{0}{1}週2日、30分まで ( / ),{0}{1}주 2일 최대 30분 ( / )
每周时长达到30分钟3天（{0}/{1}）,Weekly duration reaches 30 minutes 3 days ({0}/{1}),每周时长达到30分钟3天（{0}/{1}）,,,,,,{0}{1}30分/週3日 ( / ),{0}{1}주 3일 30분 ( / )
每周时长达到30分钟5天（{0}/{1}）,Weekly duration reaches 30 minutes 5 days ({0}/{1}),每周时长达到30分钟5天（{0}/{1}）,,,,,,{0}{1}30分/週5日 ( / ),{0}{1}주 5일 30분 ( / )
每周时长达到30分钟7天（{0}/{1}）,Weekly duration reaches 30 minutes 7 days ({0}/{1}),每周时长达到30分钟7天（{0}/{1}）,,,,,,{0}{1}週30分×7日間 ( / ),{0}{1}일주일에 30분씩 7일간 ( / )
每周击杀敌人50个（{0}/{1}）,Slay 50 enemies per week ({0}/{1}),每周击杀敌人50个（{0}/{1}）,,,,,,{0}{1}敵のキル数50/週 ( / ),{0}{1}주당 적 처치 50명 ( / )
每周击杀敌人100个（{0}/{1}）,Slay 100 enemies per week ({0}/{1}),每周击杀敌人100个（{0}/{1}）,,,,,,{0}{1}1週間に敵を100体倒す ( / ),{0}{1}주당 적 처치 100명 ( / )
每周击杀敌人300个（{0}/{1}）,Slay 300 enemies per week ({0}/{1}),每周击杀敌人300个（{0}/{1}）,,,,,,{0}{1}週に300人の敵を倒す（ / ）。,{0}{1}주당 적 300명 처치 ( / )
每周击杀敌人500个（{0}/{1}）,Slay 500 enemies per week ({0}/{1}),每周击杀敌人500个（{0}/{1}）,,,,,,{0}{1}週に500人の敵を倒す（ / ）。,{0}{1}주당 적 처치 500명 ( / )
每周击杀敌人800个（{0}/{1}）,Slay 800 enemies per week ({0}/{1}),每周击杀敌人800个（{0}/{1}）,,,,,,{0}{1}週に800人の敵を倒す（ / ）。,{0}{1}주당 800 적 처치 ( / )
每周击杀30个Boss（{0}/{1}）,Kill 30 Bosses per week ({0}/{1}),每周击杀30个Boss（{0}/{1}）,,,,,,{0}{1}週に30人のボスを倒す ( / ),{0}{1}매주 보스 30마리 처치 ( / )
每周击杀100个Boss（{0}/{1}）,Kill 100 Bosses per week ({0}/{1}),每周击杀100个Boss（{0}/{1}）,,,,,,{0}{1}1週間に100人のボスを倒す ( / ),{0}{1}매주 보스 100마리 처치 ( / )
每周击杀200个Boss（{0}/{1}）,Kill 200 Bosses per week ({0}/{1}),每周击杀200个Boss（{0}/{1}）,,,,,,{0}{1}週に200人のボスを倒す（ / ）。,{0}{1}매주 보스 200마리 처치 ( / )
每周击杀500个Boss（{0}/{1}）,Kill 500 Bosses per week ({0}/{1}),每周击杀500个Boss（{0}/{1}）,,,,,,{0}{1}週に500人のボスを倒す（ / ）。,{0}{1}매주 보스 500마리 처치 ( / )
每周击杀1000个Boss（{0}/{1}）,Kill 1000 Bosses per week ({0}/{1}),每周击杀1000个Boss（{0}/{1}）,,,,,,{0}{1}週に1000人のボスを倒す（ / ）。,"{0}{1}매주 보스 1,000마리 처치 ( / )"
成功获得奖励,Reward successful,成功获得奖励,,,,,,無事に報酬をゲット,성공적으로 보상받기
网络卡顿、再试一次吧,"Cyber lag, try again.",网络卡顿、再试一次吧,,,,,,ネットワークが停止しています。もう一度お試しください。,네트워크가 멈췄습니다. 다시 시도하세요.
广告没准备好，或后台还有广告在放,"Ad not ready, or ad playing in the background",广告没准备好，或后台还有广告在放,,,,,,広告の準備ができていないか、バックグラウンドで広告がまだ再生されています。,광고가 준비되지 않았거나 여전히 백그라운드에서 광고가 재생되고 있습니다.
领取失败，请重试,"Claim failed, please try again.",领取失败，请重试,,,,,,収集に失敗しました。,수집에 실패했습니다. 다시 시도하세요.
免费获得 ,FREE! ,免费获得 ,,,,,,フリーアクセス ,무료 액세스 
 金币, Gold Coin, 金币,,,,,, 金, 금
 钻石, Diamonds, 钻石,,,,,, ダイヤモンド, 다이아몬드
已经购买过该枪支,The gun has already been purchased.,已经购买过该枪支,,,,,,すでに購入済み,이미 총기를 구매했습니다.
购买成功,Purchase successful!,购买成功,,,,,,購入が成功しました,구매 성공
金币不足,Insufficient coins,金币不足,,,,,,金貨が足りない,금화가 부족해요
钻石不足,Not enough diamonds.,钻石不足,,,,,,ダイヤモンドが足りない,다이아몬드가 부족해요
没有该枪支,Not owning this gun.,没有该枪支,,,,,,そんな銃はない。,그런 총은 없습니다.
切换成功,Switch successful,切换成功,,,,,,スイッチング成功,전환 성공
活动期间\n每天在线30分钟连续3天\n即可免费领取,Online for 30 minutes every day for 3 consecutive days during the event.,活动期间\n每天在线30分钟连续3天\n即可免费领取,,,,,,キャンペーン期間中、3日間連続で1日30分以上インターネットを利用すると無料になります！,캠페인 기간 동안 \n 3일 연속으로 하루에 30분만 온라인에 접속하면 무료로 이용할 수 있습니다!
已经领取过了,Already claimed,已经领取过了,,,,,,すでにクレームが入っている。,이미 청구되었습니다.
未满足领取条件,Claim conditions not met.,未满足领取条件,,,,,,適格基準を満たさない,자격 기준을 충족하지 못함
已领取,Claimed,已领取,,,,,,受け取った,받았다
领取成功,Claimed successfully.,领取成功,,,,,,正常に受信しました,성공적으로 받았습니다
限时,Time Limit,限时,,,,,,期間限定,제한된 시간
射击间隔：,Shooting Interval:,射击间隔：,,,,,,ショット間隔：,촬영 간격:
子弹数量：,Bullets:,子弹数量：,,,,,,弾丸の数,총알 개수:
*无限,* Unlimited,*无限,,,,,,* 無制限,* 무제한
伤害：,Damage:,伤害：,,,,,,危害：,피해:
获得,Obtain,获得,,,,,,得る,얻다
花费,Spend,花费,,,,,,過ごす,경비
金币,Gold Coin,金币,,,,,,金,금
等级 Lv.,Lv.,等级 Lv.,,,,,,レベルLv.,레벨 Lv.
双杀！势不可当！,Double Kill! Impossible!,双杀！势不可当！,,,,,,ダブルキル！勢いは圧倒的だ！,더블 킬! 그 기세는 압도적입니다!
三连杀！勇冠三军！,Triple Kill! Champion Warrior!,三连杀！勇冠三军！,,,,,,三文芝居！勇気がある！,트리펙타! 용기!
四连杀！无人能敌！,Quadra Kill! Invincible!,四连杀！无人能敌！,,,,,,4連続キル！誰もそれには勝てない！,4연속 킬! 그 누구도 이길 수 없습니다!
五连杀！横扫千军！,Penta Kill! Sweep the thousands!,五连杀！横扫千军！,,,,,,5連続キル！全面的なスイープ！,5연속 킬! 전반적으로 스윕!
六连杀！接近神了！,Hexa Kill! Close to God!,六连杀！接近神了！,,,,,,6連続キル！神に近い！,6연속 킬! 신에게 가까이!
七连杀！超越神了！,Seven Kills! Beyond God!,七连杀！超越神了！,,,,,,7連続キル！神を超えて,7연속 킬! 신을 넘어서!
连杀！超越神了！,Combo! Beyond God!,连杀！超越神了！,,,,,,連続キル！神を超えて,연속 킬! 신을 넘어서!
一,One,一,,,,,,一,하나
二,Two,二,,,,,,二,둘
三,Three,三,,,,,,三,삼
四,Four,四,,,,,,四,4개
五,Five,五,,,,,,五,다섯
六,Six,六,,,,,,六,육
七,Seven,七,,,,,,七,일곱
八,Eight,八,,,,,,八,여덟
九,Nine,九,,,,,,九,아홉
十,Ten,十,,,,,,十,열
百,Hundred,百,,,,,,百,백
千,Thousands,千,,,,,,千,천
万,Million,万,,,,,,万,만
亿,Billions,亿,,,,,,1億,1억
零,Zero,零,,,,,,零,영
 击杀了 , Slay , 击杀了 ,,,,,, 殺す , kill 
<color=#red>完成了,<color=#red>Completed,<color=#red>完成了,,,,,,<color=#red>完了,<color=#red>완료
你已被 ,You have been ,你已被 ,,,,,,あなたは ,당신은 
 击杀, Slay, 击杀,,,,,, 仕留める, 죽이다(사람 또는 동물)
击杀 ,Slay ,击杀 ,,,,,,仕留める ,죽이다(사람 또는 동물) 
 完成复仇, Complete Revenge, 完成复仇,,,,,, リベンジを果たす, 복수 완료
18888金币\n抽奖1次,18888 Coins\n1 Draw,18888金币\n抽奖1次,,,,,,18888 金貨 ⑭ ラッキードロー 1回,18888 금화 \n 행운의 추첨 1회
2钻石\n抽奖1次,2 Diamonds\n1 Draw,2钻石\n抽奖1次,,,,,,2 Diamondn ラッキードロー 1回,다이아몬드 2개\n 행운의 추첨 1회
已经抽完了,Finished,已经抽完了,,,,,,すべてなくなった。,담배가 다 떨어졌어요.
恭喜获得,Obtained!,恭喜获得,,,,,,獲得おめでとうございます,획득 축하드립니다
前往商店使用,Go to Shop,前往商店使用,,,,,,利用するショップへ,사용하려면 상점으로 이동
开始抽奖,Start Lottery,开始抽奖,,,,,,宝くじを始めましょう,복권을 시작하세요
\n(永久),\n(Permanent),\n(永久),,,,,,\n(永久),\n(영구)
正在使用,In Use,正在使用,,,,,,使用中,사용 중
使用成功,Success,使用成功,,,,,,使用成功,성공적으로 사용됨
已经购买过该角色,The character has already been purchased.,已经购买过该角色,,,,,,すでにキャラクターを購入済み,이미 캐릭터를 구매했습니다.
动画节点,Animation Node,动画节点,,,,,,アニメーションノード,애니메이션 노드
延迟节点,Delay Node,延迟节点,,,,,,遅延ノード,지연 노드
音效节点,Sound Node,音效节点,,,,,,効果音ノード,사운드 효과 노드
特效节点,Effect Node,特效节点,,,,,,特殊効果ノード,특수 효과 노드
方盒判定,Box Judgment,方盒判定,,,,,,四角い箱判定,사각박스 판정
"[""动画节点"",""{\""guid\"":\""29714\"",\""totalTime\"":1.5,\""progress\"":1,\""AnimSlot\"":1}"",""延迟节点"",""{\""delayTime\"":0.3}"",""音效节点"",""{\""guid\"":\""21210\"",\""volume\"":1,\""inner\"":200,\""outter\"":600,\""stopTime\"":0}"",""延迟节点"",""{\""delayTime\"":0.4}"",""特效节点"",""{\""guid\"":\""123289\"",\""time\"":1,\""distance\"":150,\""zOffset\"":10,\""yaw\"":0,\""scale\"":{\""x\"":0.5,\""y\"":0.5,\""z\"":0.5},\""rotate\"":{\""x\"":0,\""y\"":0,\""z\"":90},\""EffSlot\"":-1}"",""延迟节点"",""{\""delayTime\"":0.1}"",""方盒判定"",""{\""distance\"":100,\""yaw\"":0,\""pitch\"":0,\""zOffset\"":0,\""lenth\"":350,\""width\"":60,\""height\"":60,\""damage\"":60}"",""延迟节点"",""{\""delayTime\"":0.1}"",""音效节点"",""{\""guid\"":\""7986\"",\""volume\"":1,\""inner\"":200,\""outter\"":600,\""stopTime\"":0}""]",,"[""动画节点"",""{\""guid\"":\""29714\"",\""totalTime\"":1.5,\""progress\"":1,\""AnimSlot\"":1}"",""延迟节点"",""{\""delayTime\"":0.3}"",""音效节点"",""{\""guid\"":\""21210\"",\""volume\"":1,\""inner\"":200,\""outter\"":600,\""stopTime\"":0}"",""延迟节点"",""{\""delayTime\"":0.4}"",""特效节点"",""{\""guid\"":\""123289\"",\""time\"":1,\""distance\"":150,\""zOffset\"":10,\""yaw\"":0,\""scale\"":{\""x\"":0.5,\""y\"":0.5,\""z\"":0.5},\""rotate\"":{\""x\"":0,\""y\"":0,\""z\"":90},\""EffSlot\"":-1}"",""延迟节点"",""{\""delayTime\"":0.1}"",""方盒判定"",""{\""distance\"":100,\""yaw\"":0,\""pitch\"":0,\""zOffset\"":0,\""lenth\"":350,\""width\"":60,\""height\"":60,\""damage\"":60}"",""延迟节点"",""{\""delayTime\"":0.1}"",""音效节点"",""{\""guid\"":\""7986\"",\""volume\"":1,\""inner\"":200,\""outter\"":600,\""stopTime\"":0}""]",,,,,,,
位移节点,Displacement Node,位移节点,,,,,,ディスプレイスメントノード,변위 노드
球圆判定,Ball Judgment,球圆判定,,,,,,球体の真円度判定,구 진원도 판정
装备节点,Equipment Node,装备节点,,,,,,機器ノード,장비 노드
添加特效,Add Effect,添加特效,,,,,,特殊効果を追加する,특수 효과 추가
添加动画,Add Animation,添加动画,,,,,,アニメーションを追加する,애니메이션 추가
添加音效,Add Sound,添加音效,,,,,,効果音を追加する,음향 효과 추가
添加位移,Add Displacement,添加位移,,,,,,変位を追加,변위 추가
添加球圆判定,Ball Judgment,添加球圆判定,,,,,,全球円判定を追加,구형 원형 판단 추가
添加方盒判定,Add Box Judgment,添加方盒判定,,,,,,ボックス判定を追加,박스판정 추가
添加装备节点,Add Equipment Node,添加装备节点,,,,,,機器ノードの追加,장비 노드 추가
添加延迟,Add Delay,添加延迟,,,,,,遅延を追加する,지연 추가
界面显隐[X],Display[X],界面显隐[X],,,,,,インターフェイスの表示と非表示[X],인터페이스 표시 및 숨김[X]
↓序列化[G],↓ Serialization [G],↓序列化[G],,,,,,↓連載[G],↓직렬화[G]
↑反序列化[H],↑ Deserialization[H],↑反序列化[H],,,,,,↑デシリアライズ[H],↑역직렬화[H]
获取GUID,Get GUID,获取GUID,,,,,,GUIDの取得,GUID 가져오기
播放[1],Play [1],播放[1],,,,,,遊ぶ[1],놀다[1]
动画GUID：,Animation GUID:,动画GUID：,,,,,,アニメーション GUID:,애니메이션 GUID:
播放耗时：,Playback time:,播放耗时：,,,,,,再生時間:,재생 시간:
播放进度：,Progress:,播放进度：,,,,,,再生の進行状況:,재생 진행률:
播放插槽：,Playslot:,播放插槽：,,,,,,スロットをプレイする:,슬롯 플레이:
音效GUID：,Sound GUID:,音效GUID：,,,,,,効果音GUID:,사운드 효과 GUID:
音量：,Volume:,音量：,,,,,,音量：,용량:
无衰半径：,No decay radius:,无衰半径：,,,,,,減衰半径なし:,부패 반경 없음:
衰减半径：,Radius of decay:,衰减半径：,,,,,,フォールオフ半径:,폴오프 반경:
停止秒数：,Stop seconds:,停止秒数：,,,,,,秒を停止します:,초 중지:
水平距离：,Horizontal Distance:,水平距离：,,,,,,水平距離:,수평 거리:
垂直距离：,Vertical Distance:,垂直距离：,,,,,,垂直距離:,수직 거리:
偏航角度：,Yaw Angle:,偏航角度：,,,,,,ヨー角:,요 각도:
位移耗时：,Displacement Time:,位移耗时：,,,,,,移動には時間がかかります:,변위에는 시간이 걸립니다.
检测次数：,Detection times:,检测次数：,,,,,,テスト数:,테스트 횟수:
垂直距离,Vertical Distance,垂直距离,,,,,,垂直距離,수직 거리
半径：,Radius:,半径：,,,,,,半径：,반지름:
圆柱高度：,Cylinder Height:,圆柱高度：,,,,,,シリンダー高さ:,실린더 높이:
判定伤害：,Judgment Damage:,判定伤害：,,,,,,ダメージを決定する:,손상 확인:
俯仰角度：,Pitch Angle:,俯仰角度：,,,,,,ピッチ角:,피치 각도:
方盒长度：,Box Length:,方盒长度：,,,,,,正方形のボックスの長さ:,정사각형 상자 길이:
方盒宽度：,Box Width:,方盒宽度：,,,,,,正方形のボックスの幅:,정사각형 상자 너비:
方盒高度：,Box Height:,方盒高度：,,,,,,正方形のボックスの高さ:,정사각형 상자 높이:
模型GUID：,Model GUID:,模型GUID：,,,,,,モデルGUID:,모델 GUID:
相对位置：,Relative Position:,相对位置：,,,,,,相対位置:,상대 위치:
相对缩放：,Relative Zoom:,相对缩放：,,,,,,相対スケーリング:,상대적 크기 조정:
相对旋转：,Relative Rotation:,相对旋转：,,,,,,相対回転:,상대 회전:
装备插槽：,Equipment Slots:,装备插槽：,,,,,,装備スロット:,장비 슬롯:
时长秒：,Time s:,时长秒：,,,,,,継続時間秒:,지속 시간 초:
未命名技能,Unnamed Skill,未命名技能,,,,,,名前のないスキル,이름없는 스킬
特效GUID：,Effect GUID:,特效GUID：,,,,,,特殊効果 GUID:,특수 효과 GUID:
这里输入guid,Enter guid here,这里输入guid,,,,,,ここにガイドを入力してください,여기에 가이드를 입력하세요
时间/次数：,Time/Times:,时间/次数：,,,,,,時間・回数：,시간/회수:
这里输时间或次数,Lose time or chances here,这里输时间或次数,,,,,,ここに時間または回数を入力してください,여기에 시간이나 횟수를 입력하세요.
这里输入水平距离,Enter horizontal distance here,这里输入水平距离,,,,,,ここに水平距離を入力してください,여기에 수평 거리를 입력하세요.
这里输入垂直距离,Enter vertical distance here,这里输入垂直距离,,,,,,ここに垂直距離を入力してください,여기에 수직 거리를 입력하세요.
这里输入偏航角度,Enter yaw angle here,这里输入偏航角度,,,,,,ここにヨー角を入力してください,여기에 요 각도를 입력하세요.
特效缩放：,Effect Zoom:,特效缩放：,,,,,,特殊効果のスケーリング:,특수 효과 스케일링:
这里输入特效缩放,Enter Effect Zoom here,这里输入特效缩放,,,,,,ここに特殊効果ズームを入力してください,여기에 특수 효과 확대/축소를 입력하세요.
特效旋转：,Effect Rotation:,特效旋转：,,,,,,特殊効果のローテーション:,특수 효과 회전:
这里输入特效旋转,Enter Effect Rotation here,这里输入特效旋转,,,,,,ここに特殊効果のローテーションを入力します,여기에 특수효과 회전을 입력하세요
特效插槽：,Effect Slots:,特效插槽：,,,,,,特殊効果スロット:,특수 효과 슬롯:
这里输入特效插槽,Enter an Effect Slot here,这里输入特效插槽,,,,,,ここに特殊効果スロットを入力してください,여기에 특수효과 슬롯을 입력하세요
不要攻击队友,Don't attack teammates.,不要攻击队友,,,,,,チームメイトを攻撃してはいけない。,팀원을 공격하지 마세요.
感染者,Infected,感染者,,,,,,感染者,감염된 사람
队名（可改）,Team Name (Changeable),队名（可改）,,,,,,チーム名（変更の可能性あり）,팀 이름(변경될 수 있음)
人数：,Members:,人数：,,,,,,人数：,인원수:
已加入或已满,Joined or Full,已加入或已满,,,,,,加入またはフル,가입 또는 전체
已满,Full,已满,,,,,,満杯,가득한
暂无,None,暂无,,,,,,まだありません,아직 없음
你所在房间内的排行榜。,Leaderboard in your room.,你所在房间内的排行榜。,,,,,,あなたの部屋にあるリーダーボード。,내 방의 리더보드.
房间排行榜,Room Leaderboard,房间排行榜,,,,,,お部屋ランキング,객실 순위
全服前100名,Global Top 100,全服前100名,,,,,,全サービスにおけるトップ100,전체 서비스에서 상위 100위
奖励金币：,Reward Coins:,奖励金币：,,,,,,報酬の金貨:,보상 금화:
剩余: ,Remaining: ,剩余: ,,,,,,残り： ,남은 금액: 
小时,Hour,小时,,,,,,時間,시간
天,God,天,,,,,,空,하늘
不存在这份存档，可能是新玩家,"This archive does not exist, it may be new player",不存在这份存档，可能是新玩家,,,,,,このアーカイブは存在しません。新しいプレーヤーである可能性があります,이 아카이브는 존재하지 않습니다. 새로운 플레이어일 수 있습니다.
模板埋点,Template Burst,模板埋点,,,,,,テンプレート埋め込みポイント,템플릿 매장 지점
步枪,Rifle,步枪,,,,,,ライフル,소총
${bullet} / 无限,${bullet} / Unlimited,${bullet} / 无限,,,,,,{bullet} ドル／無制限,{bullet} $ / 무제한
坚韧黑铁,Tough Black Iron,坚韧黑铁,,,,,,タフな黒鉄,터프 블랙 아이언
英勇青铜,Brave Bronze,英勇青铜,,,,,,ブロンズ,용맹의 브론즈
不屈白银,Unyielding Silver,不屈白银,,,,,,不屈のシルバー,불굴의 실버
荣耀黄金,Glory Gold,荣耀黄金,,,,,,グローリーゴールド,글로리 골드
华贵铂金,Noble Platinum,华贵铂金,,,,,,プラチナ,플래티넘
流光翡翠,Glowing Jade,流光翡翠,,,,,,ジェダイト,Jadeite
璀璨钻石,Dazzling Diamond,璀璨钻石,,,,,,きらめくダイヤモンド,스파클링 다이아몬드
超凡大师,Master,超凡大师,,,,,,グランドマスター,그랜드 마스터
傲世宗师,Proud Grandmaster,傲世宗师,,,,,,原型師,귀족
最强王者,Challenger,最强王者,,,,,,最強の王,가장 강한 왕
张吉惟,Jackie Zhang,张吉惟,,,,,,チャン・ジーウェイ,장지웨이
林国瑞,Lin Guorui,林国瑞,,,,,,林国瑞,린 구오루이
林玫书,Mary Lin,林玫书,,,,,,林美秀,린 메이슈
林雅南,Lin Yanan,林雅南,,,,,,林延安,린 야난
江奕云,Jiang Yiyun,江奕云,,,,,,ジャン・イーユン,지앙이윤
刘柏宏,Patrick Liu,刘柏宏,,,,,,劉白紅,리우 바이홍
阮建安,Nguyen Jian An,阮建安,,,,,,阮建安,루안 지안안
林子帆,Forest Sail,林子帆,,,,,,リン・ジーファン,린지판
夏志豪,Natsume Onna,夏志豪,,,,,,夏志豪,샤 지하오
吉茹定,Jade,吉茹定,,,,,,ギルディン,기루딘
李中冰,Li Zhongbing,李中冰,,,,,,李忠兵,리 종빙
谢彦文,Xie Yanwen,谢彦文,,,,,,謝延文,시에 옌웬
傅智翔,Jixiang Fu,傅智翔,,,,,,傅志祥,푸지샹
洪振霞,Hong Zhenxia,洪振霞,,,,,,ホン・ジェンシア,홍진시아
刘姿婷,CrimsonRose,刘姿婷,,,,,,劉子廷,리우 지팅
荣姿康,Wing Pose,荣姿康,,,,,,栄子康,롱지캉
吕致盈,Lui,吕致盈,,,,,,陸志英,루 지잉
方一强,Fang Yiqiang,方一强,,,,,,ファン・イー強,팡이창
黎芸贵,Le Yugui,黎芸贵,,,,,,李雲貴,리윤귀
郑伊雯,Miss Cheng,郑伊雯,,,,,,ジェン・イーウェン,정이웬
雷进宝,Thunder Treasure,雷进宝,,,,,,雷金宝,레이 진바오
吴美隆,Wu Meilong,吴美隆,,,,,,呉美龍,우 메이롱
吴心真,Wu Xinzhen,吴心真,,,,,,呉新鎮,우신전
王美珠,Miss Wong,王美珠,,,,,,王美珠,왕메이주
郭芳天,Guo Fangtian,郭芳天,,,,,,郭方天,궈팡티엔
李雅惠,Li Yahui,李雅惠,,,,,,リー・ヤフイ,리 야후이
陈文婷,Vincent Chan,陈文婷,,,,,,チェン・ウェンティン,첸 웬팅
曹敏侑,Minyu Cao,曹敏侑,,,,,,曹民佑,조민유
王依婷,King Yiting,王依婷,,,,,,王一廷,왕 이팅
陈婉璇,Miss Chan,陈婉璇,,,,,,チェン・ワンシュアン,첸 완쉬안
吴美玉,Miss Wu,吴美玉,,,,,,ウー・メイユ,우 메이유
蔡依婷,Choi,蔡依婷,,,,,,蔡一廷,카이 이팅
郑昌梦,Zheng Changmeng,郑昌梦,,,,,,鄭長夢,정 창멍
林家纶,Hairstyle,林家纶,,,,,,林佳倫,린 지알룬
黄丽昆,Liquin Wong,黄丽昆,,,,,,黄立坤,황리쿤
李育泉,Li Yuquan,李育泉,,,,,,李育泉,리 위취안
黄芸欢,Louie Wong,黄芸欢,,,,,,黄雲環,황윤환
吴韵如,Wu Yunru,吴韵如,,,,,,ウー・ユンルー,우윤루
李肇芬,Li Zhaofen,李肇芬,,,,,,李兆芬,리 자오펀
卢木仲,Lumicommia,卢木仲,,,,,,盧武忠,루 무종
李成白,Lee Sung-bae,李成白,,,,,,李成白,리청바이
方兆玉,Fang Zhaoyu,方兆玉,,,,,,方昭宇,팡 자오유
刘翊惠,Yihui Liu,刘翊惠,,,,,,リウ・イーフイ,류이후이
丁汉臻,Ding Hanzhen,丁汉臻,,,,,,ディン・ハンジェン,딩 한젠
吴佳瑞,Gary Wu,吴佳瑞,,,,,,呉家瑞,우 지아루이
舒绿珮,Shuluan,舒绿珮,,,,,,シュー・ルペイ,슈 루페이
周白芷,Zhou Baizhao,周白芷,,,,,,周百志,저우바이지
张姿妤,Miss Zhang,张姿妤,,,,,,チャン・ツィユ,장쯔위
张虹伦,Honglun Zhang,张虹伦,,,,,,張紅倫,장홍룬
周琼玫,Chou Qiong-mei,周琼玫,,,,,,周瓊梅,저우 경메이
倪怡芳,Ni Yifang,倪怡芳,,,,,,ニー・イーファン,니 이팡
郭贵妃,Princess Guo,郭贵妃,,,,,,郭貴妃,궈귀페이
杨佩芳,Yang Peifang,杨佩芳,,,,,,ヤン・ペイファン,양페이팡
黄盛玫,Huang Shengmei,黄盛玫,,,,,,黄聖梅,황성메이
郑丽青,Zheng Liqing,郑丽青,,,,,,鄭立清,정 리칭
许智云,Xu Zhiyun,许智云,,,,,,徐志雲,쉬즈윤
张孟涵,Zhang Menghan,张孟涵,,,,,,張孟漢,장멍한
李小爱,Lee,李小爱,,,,,,リー・シャオアイ,리 샤오아이
王恩龙,Wang Enlong,王恩龙,,,,,,王恩龍,왕엔롱
朱政廷,Zhu Zhengting,朱政廷,,,,,,朱政廷,주 정팅(Zhu Zhengting)
邓诗涵,Deng Sihan,邓诗涵,,,,,,鄧師範,덩스한
陈政倩,Chan Jeong-sun,陈政倩,,,,,,チェン・ジェンチェン,첸 정첸
吴俊伯,Uncle Oh,吴俊伯,,,,,,ウー・ジュンボ,우준보
阮馨学,Nguyễn Xinxue,阮馨学,,,,,,阮新雪,루안 신슈에
翁惠珠,Hon Hye-joo,翁惠珠,,,,,,ウェン・ホイジュウ,웽 후이주
吴思翰,Sihan Wu,吴思翰,,,,,,ウー・シハン,우시한
林佩玲,Pamela Lin,林佩玲,,,,,,リン・ペイリング,린 페일링
邓海来,Deng Hailai,邓海来,,,,,,鄧海来,덩 하이라이
陈翊依,Chen Yiyi,陈翊依,,,,,,チェン・イーイー,첸 이이
李建智,Lee Jian-ji,李建智,,,,,,李建志,리 젠지
武淑芬,Takeshi,武淑芬,,,,,,呉書芬,우슈펀
金雅琪,Jackie Kim,金雅琪,,,,,,ジン・ヤキ,진 야치
赖怡宜,Lai Yiyi,赖怡宜,,,,,,ライ・イーイー,라이이이
黄育霖,Yulin Huang,黄育霖,,,,,,黄玉林,황유린
张仪湖,Zhang Yihu,张仪湖,,,,,,チャン・イーフ,장이후
王俊民,Wang Junmin,王俊民,,,,,,王俊民,왕준민
张诗刚,Zhang Shigang,张诗刚,,,,,,張世剛,장시강
林慧颖,Lin Weiying,林慧颖,,,,,,林恵英,린 휘잉
沈俊君,Sunny,沈俊君,,,,,,沈俊君,션 준준
陈淑妤,Sunny Chan,陈淑妤,,,,,,チェン・シュユ,첸 슈유
李姿伶,Li,李姿伶,,,,,,李子陵,리 지링
高咏钰,Wing Wings,高咏钰,,,,,,高龍宇,가오용유
黄彦宜,Huang Yanyi,黄彦宜,,,,,,黄彦宜,황옌이
周孟儒,Zhou Mengju,周孟儒,,,,,,周夢如,저우 멩루
潘欣臻,Pan Xinzhen,潘欣臻,,,,,,潘新鎮,판 신젠
李祯韵,Lee Chan-yun,李祯韵,,,,,,李振雲,리젠윤
叶洁启,Yip Jieqi,叶洁启,,,,,,葉潔琦,예지에치
梁哲宇,Liang Cheol-woo,梁哲宇,,,,,,梁哲宇,리앙 저유
黄晓萍,Huang Xiaoping,黄晓萍,,,,,,黄小平,황샤오핑
杨雅萍,Yang Yaping,杨雅萍,,,,,,ヤン・ヤピン,양야핑
卢志铭,Lu Zhiming,卢志铭,,,,,,陸志明,루 지밍
张茂以,Zhang Maoyu,张茂以,,,,,,チャン・マオイ,장 마오이
林婉婷,Miss Lin,林婉婷,,,,,,リン・ウォンティング,린 원팅
蔡宜芸,Young Choi,蔡宜芸,,,,,,蔡宜芸,카이 이윤
林珮瑜,Lin,林珮瑜,,,,,,リン・ペイユ,린 페이유
黄柏仪,Phellodendron,黄柏仪,,,,,,黄白一,황바이이
周逸珮,Silverstorm,周逸珮,,,,,,周一培,저우이페이
夏雅惠,Harry,夏雅惠,,,,,,シア・ヤフイ,시아 야후이
王采珮,King Crimson,王采珮,,,,,,ワン・ツァイペイ,왕 카이페이
林孟霖,Lin Menglin,林孟霖,,,,,,林夢林,린 멩린
林竹水,Bamboo Water,林竹水,,,,,,林珠水,린 주슈이
王怡乐,Happy Wang,王怡乐,,,,,,王一楽,왕 일레
王爱乐,King Melody,王爱乐,,,,,,ワン・アイル,왕 아일
金佳蓉,Golden Dragon,金佳蓉,,,,,,ジン・ジアロン,진지아롱
韩健毓,Han Jiantao,韩健毓,,,,,,ハン・ジャンユー,한젠위
李士杰,Jet Li,李士杰,,,,,,李世傑,리 시지에
陈董珍,Chan Dong-jin,陈董珍,,,,,,陳東振,첸 동전
苏姿婷,Susan,苏姿婷,,,,,,蘇子亭,쑤 지팅
张政霖,Zhang Zhenglin,张政霖,,,,,,張正林,장정린
李志宏,Lee Chi-hong,李志宏,,,,,,李志紅,리 지홍
陈素达,Sunda Chan,陈素达,,,,,,陳須田,첸 수다
陈虹荣,Chan Hong-rong,陈虹荣,,,,,,チェン・ホンロン,첸 홍롱
何美玲,Alex Ho,何美玲,,,,,,何美玲,헤 메이링
李仪琳,Yilin Lee,李仪琳,,,,,,リー・イーリン,리 이린
张俞幸,Zhang Yuxue,张俞幸,,,,,,張玉興,장 유싱
黄秋萍,Huang Qiuping,黄秋萍,,,,,,黄秋平,황 치우핑
潘吉维,Panjivi,潘吉维,,,,,,パンジビ,판지비

